event_ts,feature_key,scope,oblast,value_bool
2022-02-24T22:43:47+00:00,mass_attack_active,oblast,kyiv,false
2022-02-26T12:35:31+00:00,mass_attack_active,national,,true
2022-02-27T08:54:21+00:00,mass_attack_active,national,,true
2022-02-27T19:34:42+00:00,mass_attack_active,oblast,chernihiv,true
2022-02-28T17:06:03+00:00,mass_attack_active,national,,true
2022-03-01T13:30:00+00:00,mass_attack_active,oblast,kyiv,true
2022-03-01T18:40:26+00:00,mass_attack_active,oblast,kharkiv,true
2022-03-04T13:00:04+00:00,mass_attack_active,national,,true
2022-03-06T16:57:02+00:00,tu_95_takeoff,national,,false
2022-03-08T16:43:55+00:00,mass_attack_active,national,,true
2022-03-09T22:47:32+00:00,mass_attack_active,oblast,donetsk,true
2022-03-12T04:56:39+00:00,mass_attack_active,oblast,donetsk,true
2022-03-12T22:27:24+00:00,mass_attack_active,national,,true
2022-03-14T08:36:27+00:00,mass_attack_active,national,,true
2022-03-14T11:03:04+00:00,mass_attack_active,national,,true
2022-03-16T22:18:21+00:00,mass_attack_active,oblast,kherson,true
2022-03-18T23:02:35+00:00,mass_attack_active,oblast,chernihiv,true
2022-03-19T12:03:50+00:00,mass_attack_active,oblast,donetsk,true
2022-03-20T10:33:32+00:00,mass_attack_active,oblast,donetsk,true
2022-03-22T11:15:49+00:00,mass_attack_active,oblast,chernihiv,true
2022-03-25T17:01:03+00:00,mass_attack_active,oblast,vinnytsia,true
2022-03-25T23:24:17+00:00,mass_attack_active,national,,true
2022-03-26T22:07:12+00:00,mass_attack_active,oblast,lviv,true
2022-03-27T22:31:55+00:00,mass_attack_active,oblast,kharkiv,true
2022-03-28T10:02:32+00:00,mass_attack_active,oblast,donetsk,true
2022-03-30T09:38:32+00:00,mass_attack_active,oblast,donetsk,true
2022-03-31T17:56:47+00:00,mass_attack_active,national,,false
2022-04-01T18:52:02+00:00,mass_attack_active,national,,true
2022-04-03T17:51:32+00:00,mass_attack_active,national,,true
2022-04-04T09:16:12+00:00,mass_attack_active,oblast,donetsk,true
2022-04-05T04:29:47+00:00,mass_attack_active,oblast,donetsk,true
2022-04-05T21:14:18+00:00,mass_attack_active,national,,true
2022-04-07T15:27:06+00:00,mass_attack_active,oblast,donetsk,true
2022-04-09T05:03:56+00:00,mass_attack_active,oblast,donetsk,true
2022-04-09T15:41:56+00:00,mass_attack_active,oblast,donetsk,true
2022-04-15T16:31:11+00:00,mass_attack_active,oblast,donetsk,true
2022-04-16T07:37:48+00:00,mass_attack_active,oblast,lviv,true
2022-04-16T16:11:54+00:00,mass_attack_active,oblast,donetsk,true
2022-04-17T05:12:54+00:00,mass_attack_active,oblast,chernihiv,true
2022-04-17T15:45:54+00:00,mass_attack_active,oblast,donetsk,true
2022-04-18T04:24:25+00:00,mass_attack_active,oblast,donetsk,true
2022-04-19T04:16:44+00:00,mass_attack_active,oblast,donetsk,true
2022-04-20T15:22:41+00:00,mass_attack_active,oblast,donetsk,false
2022-04-23T13:48:51+00:00,tu_95_takeoff,national,,false
2022-04-25T08:58:09+00:00,mass_attack_active,national,,true
2022-04-25T08:58:09+00:00,tu_95_takeoff,national,,false
2022-04-26T04:03:07+00:00,mass_attack_active,oblast,donetsk,true
2022-04-27T04:17:33+00:00,mass_attack_active,oblast,donetsk,true
2022-04-28T16:50:42+00:00,mass_attack_active,oblast,chernihiv,true
2022-04-29T16:00:21+00:00,mass_attack_active,oblast,donetsk,true
2022-04-30T04:17:56+00:00,mass_attack_active,oblast,donetsk,true
2022-05-01T05:39:13+00:00,mass_attack_active,oblast,donetsk,true
2022-05-01T16:01:46+00:00,mass_attack_active,oblast,donetsk,true
2022-05-02T04:11:20+00:00,mass_attack_active,oblast,chernihiv,true
2022-05-02T16:13:22+00:00,mass_attack_active,oblast,donetsk,true
2022-05-02T21:06:36+00:00,mass_attack_active,national,,true
2022-05-03T15:33:42+00:00,mass_attack_active,national,,true
2022-05-03T21:01:56+00:00,mass_attack_active,oblast,dnipropetrovsk,true
2022-05-03T21:01:56+00:00,tu_95_takeoff,national,,true
2022-05-04T03:55:35+00:00,mass_attack_active,oblast,dnipropetrovsk,true
2022-05-04T16:07:16+00:00,mass_attack_active,national,,true
2022-05-04T21:15:55+00:00,mass_attack_active,national,,true
2022-05-05T15:14:40+00:00,mass_attack_active,oblast,donetsk,true
2022-05-06T15:47:34+00:00,mass_attack_active,oblast,cherkasy,true
2022-05-07T15:25:18+00:00,mass_attack_active,oblast,donetsk,true
2022-05-07T22:09:07+00:00,mass_attack_active,national,,true
2022-05-07T22:09:07+00:00,tu_95_takeoff,national,,false
2022-05-09T03:46:32+00:00,mass_attack_active,oblast,donetsk,true
2022-05-09T15:41:06+00:00,mass_attack_active,oblast,donetsk,true
2022-05-10T04:17:22+00:00,mass_attack_active,oblast,donetsk,true
2022-05-10T15:15:15+00:00,mass_attack_active,oblast,cherkasy,true
2022-05-11T16:11:15+00:00,mass_attack_active,oblast,donetsk,true
2022-05-13T15:40:47+00:00,mass_attack_active,oblast,donetsk,true
2022-05-14T04:56:42+00:00,mass_attack_active,oblast,donetsk,true
2022-05-14T17:27:41+00:00,mass_attack_active,oblast,donetsk,true
2022-05-15T17:27:10+00:00,mass_attack_active,oblast,donetsk,true
2022-05-16T04:21:16+00:00,mass_attack_active,oblast,donetsk,true
2022-05-16T15:58:02+00:00,mass_attack_active,oblast,donetsk,true
2022-05-17T03:52:32+00:00,mass_attack_active,oblast,donetsk,true
2022-05-17T06:51:15+00:00,mass_attack_active,oblast,lviv,true
2022-05-17T17:33:18+00:00,mass_attack_active,oblast,chernihiv,true
2022-05-18T04:30:50+00:00,mass_attack_active,oblast,cherkasy,true
2022-05-18T16:01:10+00:00,mass_attack_active,oblast,kharkiv,true
2022-05-19T04:17:09+00:00,mass_attack_active,oblast,chernihiv,true
2022-05-20T04:02:51+00:00,mass_attack_active,oblast,chernihiv,true
2022-05-20T15:41:04+00:00,mass_attack_active,oblast,donetsk,true
2022-05-20T20:45:57+00:00,mass_attack_active,national,,true
2022-05-21T15:55:08+00:00,mass_attack_active,oblast,chernihiv,true
2022-05-23T15:33:16+00:00,mass_attack_active,oblast,chernihiv,true
2022-05-25T06:27:45+00:00,mass_attack_active,oblast,zhytomyr,true
2022-05-25T20:22:03+00:00,mass_attack_active,oblast,donetsk,true
2022-05-26T15:50:53+00:00,mass_attack_active,oblast,donetsk,true
2022-05-27T03:57:42+00:00,mass_attack_active,oblast,chernivtsi,true
2022-05-28T05:12:23+00:00,mass_attack_active,oblast,donetsk,true
2022-05-28T15:41:57+00:00,mass_attack_active,oblast,chernihiv,true
2022-05-30T15:20:39+00:00,mass_attack_active,oblast,cherkasy,true
2022-06-01T04:13:55+00:00,mass_attack_active,oblast,donetsk,true
2022-06-03T04:12:33+00:00,mass_attack_active,oblast,donetsk,true
2022-06-03T15:21:21+00:00,mass_attack_active,oblast,chernihiv,true
2022-06-04T03:52:31+00:00,mass_attack_active,oblast,cherkasy,true
2022-06-04T17:20:51+00:00,mass_attack_active,oblast,chernihiv,true
2022-06-05T09:30:55+00:00,tu_95_takeoff,national,,true
2022-06-05T09:34:43+00:00,mass_attack_active,oblast,mykolaiv,true
2022-06-06T15:48:04+00:00,mass_attack_active,oblast,donetsk,true
2022-06-07T04:16:41+00:00,mass_attack_active,oblast,donetsk,true
2022-06-07T15:49:36+00:00,mass_attack_active,oblast,chernihiv,true
2022-06-08T09:35:53+00:00,mass_attack_active,national,,true
2022-06-09T04:20:44+00:00,mass_attack_active,oblast,cherkasy,true
2022-06-09T16:35:27+00:00,mass_attack_active,oblast,donetsk,true
2022-06-19T16:00:35+00:00,mass_attack_active,oblast,donetsk,true
2022-06-20T04:25:26+00:00,mass_attack_active,oblast,donetsk,true
2022-06-21T04:31:28+00:00,mass_attack_active,oblast,donetsk,true
2022-06-21T15:52:08+00:00,mass_attack_active,oblast,cherkasy,true
2022-06-22T15:52:47+00:00,mass_attack_active,oblast,donetsk,true
2022-06-23T15:36:29+00:00,mass_attack_active,oblast,mykolaiv,true
2022-06-24T04:52:28+00:00,mass_attack_active,oblast,donetsk,true
2022-06-24T15:28:59+00:00,mass_attack_active,oblast,donetsk,true
2022-06-25T04:49:11+00:00,mass_attack_active,oblast,chernihiv,true
2022-06-25T05:45:00+00:00,mass_attack_active,oblast,kyiv,false
2022-06-25T06:21:58+00:00,mass_attack_active,national,,true
2022-06-25T08:26:19+00:00,mass_attack_active,oblast,chernihiv,true
2022-06-25T09:22:42+00:00,mass_attack_active,national,,true
2022-06-25T10:50:07+00:00,mass_attack_active,national,,true
2022-06-25T15:53:22+00:00,mass_attack_active,oblast,chernihiv,true
2022-06-26T05:13:53+00:00,mass_attack_active,oblast,chernihiv,true
2022-06-26T05:18:36+00:00,mass_attack_active,oblast,mykolaiv,true
2022-06-26T15:20:53+00:00,mass_attack_active,oblast,donetsk,true
2022-06-27T04:30:32+00:00,mass_attack_active,oblast,chernihiv,true
2022-06-27T15:43:32+00:00,mass_attack_active,oblast,donetsk,true
2022-06-27T15:43:33+00:00,mass_attack_active,oblast,kherson,true
2022-06-28T11:30:02+00:00,mass_attack_active,national,,true
2022-06-28T15:33:15+00:00,mass_attack_active,national,,true
2022-06-29T04:05:44+00:00,mass_attack_active,oblast,chernihiv,true
2022-06-30T04:38:11+00:00,mass_attack_active,oblast,donetsk,true
2022-06-30T15:58:25+00:00,mass_attack_active,oblast,kharkiv,true
2022-07-01T04:17:22+00:00,mass_attack_active,oblast,chernihiv,true
2022-07-01T15:41:42+00:00,mass_attack_active,oblast,chernihiv,true
2022-07-02T04:51:26+00:00,mass_attack_active,oblast,chernihiv,true
2022-07-03T05:06:10+00:00,mass_attack_active,oblast,donetsk,true
2022-07-03T15:52:16+00:00,mass_attack_active,oblast,cherkasy,true
2022-07-04T04:25:13+00:00,mass_attack_active,oblast,donetsk,true
2022-07-04T16:42:16+00:00,mass_attack_active,oblast,cherkasy,true
2022-07-05T16:08:20+00:00,mass_attack_active,oblast,donetsk,true
2022-07-05T19:15:32+00:00,mass_attack_active,national,,true
2022-07-05T19:54:24+00:00,mass_attack_active,oblast,dnipropetrovsk,true
2022-07-06T04:39:14+00:00,mass_attack_active,oblast,cherkasy,true
2022-07-06T15:30:29+00:00,mass_attack_active,oblast,donetsk,true
2022-07-07T03:51:12+00:00,mass_attack_active,oblast,kharkiv,true
2022-07-08T16:27:21+00:00,mass_attack_active,oblast,kharkiv,true
2022-07-09T04:30:52+00:00,mass_attack_active,oblast,cherkasy,true
2022-07-10T05:47:43+00:00,mass_attack_active,oblast,kharkiv,true
2022-07-10T15:47:53+00:00,mass_attack_active,oblast,chernihiv,true
2022-07-11T04:27:29+00:00,mass_attack_active,oblast,chernihiv,true
2022-07-11T15:41:41+00:00,mass_attack_active,oblast,cherkasy,true
2022-07-12T05:00:58+00:00,mass_attack_active,oblast,donetsk,true
2022-07-12T16:21:55+00:00,mass_attack_active,oblast,cherkasy,true
2022-07-12T19:31:47+00:00,mass_attack_active,oblast,donetsk,true
2022-07-13T05:35:20+00:00,mass_attack_active,oblast,cherkasy,true
2022-07-13T15:56:07+00:00,mass_attack_active,oblast,cherkasy,true
2022-07-14T04:40:05+00:00,mass_attack_active,oblast,cherkasy,true
2022-07-14T10:31:35+00:00,mass_attack_active,oblast,vinnytsia,true
2022-07-14T16:32:03+00:00,mass_attack_active,oblast,cherkasy,true
2022-07-15T05:29:26+00:00,mass_attack_active,oblast,chernihiv,true
2022-07-15T17:30:45+00:00,mass_attack_active,oblast,vinnytsia,true
2022-07-15T20:35:42+00:00,mass_attack_active,national,,true
2022-07-15T20:35:42+00:00,tu_95_takeoff,national,,true
2022-07-16T04:27:14+00:00,mass_attack_active,oblast,donetsk,true
2022-07-16T15:41:08+00:00,mass_attack_active,oblast,cherkasy,true
2022-07-16T15:41:08+00:00,tu_95_takeoff,national,,false
2022-07-16T16:56:32+00:00,mass_attack_active,oblast,cherkasy,true
2022-07-17T05:42:24+00:00,mass_attack_active,oblast,chernihiv,true
2022-07-17T15:37:49+00:00,mass_attack_active,oblast,chernihiv,true
2022-07-18T15:46:49+00:00,mass_attack_active,oblast,chernihiv,true
2022-07-19T04:21:03+00:00,mass_attack_active,oblast,cherkasy,true
2022-07-19T12:19:29+00:00,mass_attack_active,national,,true
2022-07-19T16:14:33+00:00,mass_attack_active,oblast,chernihiv,true
2022-07-21T03:56:36+00:00,mass_attack_active,oblast,chernihiv,true
2022-07-22T15:42:44+00:00,mass_attack_active,oblast,cherkasy,true
2022-07-23T04:26:01+00:00,mass_attack_active,oblast,cherkasy,true
2022-07-24T07:21:55+00:00,mass_attack_active,oblast,khmelnytskyi,true
2022-07-26T04:46:03+00:00,mass_attack_active,oblast,chernihiv,true
2022-07-26T12:12:51+00:00,mass_attack_active,oblast,lviv,true
2022-07-27T04:47:50+00:00,mass_attack_active,oblast,chernihiv,true
2022-07-28T15:57:36+00:00,mass_attack_active,oblast,chernihiv,true
2022-07-30T05:30:49+00:00,mass_attack_active,oblast,cherkasy,true
2022-07-30T17:21:28+00:00,mass_attack_active,oblast,donetsk,true
2022-07-31T04:20:16+00:00,mass_attack_active,oblast,cherkasy,true
2022-08-01T04:49:42+00:00,mass_attack_active,oblast,kharkiv,true
2022-08-02T16:52:59+00:00,mass_attack_active,oblast,lviv,true
2022-08-02T16:52:59+00:00,tu_95_takeoff,national,,false
2022-08-03T04:26:22+00:00,mass_attack_active,oblast,chernihiv,true
2022-08-03T15:47:59+00:00,mass_attack_active,oblast,cherkasy,true
2022-08-04T15:36:47+00:00,mass_attack_active,oblast,chernihiv,true
2022-08-05T04:10:34+00:00,mass_attack_active,oblast,chernihiv,true
2022-08-06T04:26:10+00:00,mass_attack_active,oblast,chernihiv,true
2022-08-06T15:30:01+00:00,mass_attack_active,oblast,chernihiv,true
2022-08-07T15:58:46+00:00,mass_attack_active,oblast,chernihiv,true
2022-08-07T19:54:21+00:00,mass_attack_active,oblast,vinnytsia,true
2022-08-08T04:08:49+00:00,mass_attack_active,oblast,cherkasy,true
2022-08-08T10:12:56+00:00,mig_31_airborne,national,,true
2022-08-10T04:06:01+00:00,mass_attack_active,oblast,chernihiv,true
2022-08-12T04:35:49+00:00,mass_attack_active,oblast,cherkasy,true
2022-08-13T04:38:37+00:00,mass_attack_active,oblast,cherkasy,true
2022-08-13T15:28:21+00:00,mass_attack_active,oblast,cherkasy,true
2022-08-14T05:07:30+00:00,mass_attack_active,oblast,donetsk,true
2022-08-16T04:33:05+00:00,mass_attack_active,oblast,chernihiv,true
2022-08-16T16:41:05+00:00,mass_attack_active,oblast,cherkasy,true
2022-08-18T05:50:40+00:00,mass_attack_active,oblast,donetsk,true
2022-08-19T15:58:41+00:00,mass_attack_active,oblast,chernihiv,true
2022-08-25T09:33:56+00:00,tu_95_takeoff,national,,true
2022-09-06T06:44:02+00:00,tu_95_takeoff,national,,false
2022-09-09T05:46:11+00:00,mass_attack_active,oblast,donetsk,true
2022-09-11T19:54:22+00:00,mass_attack_active,national,,true
2022-09-12T08:30:54+00:00,mass_attack_active,national,,true
2022-09-14T12:38:08+00:00,mass_attack_active,national,,true
2022-09-25T15:22:06+00:00,mass_attack_active,oblast,vinnytsia,true
2022-09-28T19:06:21+00:00,mass_attack_active,oblast,dnipropetrovsk,true
2022-10-09T08:58:48+00:00,mass_attack_active,oblast,zaporizhzhia,true
2022-10-10T07:59:40+00:00,mass_attack_active,national,,true
2022-10-10T09:35:15+00:00,mass_attack_active,national,,true
2022-10-10T09:35:23+00:00,mass_attack_active,national,,true
2022-10-10T09:35:23+00:00,tu_95_takeoff,national,,true
2022-10-10T16:39:00+00:00,mass_attack_active,national,,true
2022-10-10T17:17:35+00:00,mass_attack_active,oblast,kherson,true
2022-10-10T18:12:22+00:00,mass_attack_active,national,,true
2022-10-11T07:32:14+00:00,tu_95_takeoff,national,,true
2022-10-11T11:46:56+00:00,mass_attack_active,national,,true
2022-10-11T11:46:56+00:00,tu_95_takeoff,national,,true
2022-10-12T20:22:29+00:00,mass_attack_active,oblast,vinnytsia,true
2022-10-14T07:31:15+00:00,mass_attack_active,national,,true
2022-10-22T08:35:51+00:00,mass_attack_active,national,,true
2022-10-22T08:35:51+00:00,tu_95_takeoff,national,,true
2022-10-31T08:03:31+00:00,tu_95_takeoff,national,,false
2022-10-31T12:58:46+00:00,mass_attack_active,national,,true
2022-11-15T17:34:37+00:00,mass_attack_active,national,,true
2022-11-15T17:34:37+00:00,tu_95_takeoff,national,,false
2022-11-17T12:40:52+00:00,tu_95_takeoff,national,,false
2022-11-23T15:16:48+00:00,mass_attack_active,national,,true
2022-11-23T15:16:48+00:00,tu_95_takeoff,national,,true
2022-12-05T15:39:32+00:00,mass_attack_active,national,,true
2022-12-05T15:39:32+00:00,tu_95_takeoff,national,,true
2022-12-16T12:23:12+00:00,mass_attack_active,oblast,kyiv,true
2022-12-16T12:23:12+00:00,mig_31_airborne,national,,true
2022-12-16T12:23:12+00:00,tu_95_takeoff,national,,true
2022-12-20T15:01:34+00:00,mass_attack_active,national,,true
2022-12-29T07:01:35+00:00,mass_attack_active,national,,true
2022-12-29T16:45:19+00:00,mass_attack_active,national,,true
2022-12-29T16:45:19+00:00,tu_95_takeoff,national,,true
2022-12-30T09:08:48+00:00,mass_attack_active,oblast,kyiv,true
2022-12-31T11:04:41+00:00,mass_attack_active,oblast,kyiv,true
2022-12-31T15:37:45+00:00,tu_95_takeoff,national,,true
2023-01-02T06:24:26+00:00,mass_attack_active,national,,true
2023-01-14T16:58:29+00:00,mass_attack_active,national,,true
2023-01-14T16:58:40+00:00,mass_attack_active,national,,true
2023-01-14T16:58:40+00:00,tu_95_takeoff,national,,true
2023-01-26T11:22:56+00:00,mass_attack_active,national,,true
2023-01-26T11:23:22+00:00,mig_31_airborne,national,,true
2023-01-26T11:23:22+00:00,tu_95_takeoff,national,,true
2023-02-10T07:04:39+00:00,mass_attack_active,oblast,kharkiv,true
2023-02-10T07:04:39+00:00,tu_95_takeoff,national,,true
2023-02-10T11:59:22+00:00,mass_attack_active,national,,true
2023-02-10T11:59:22+00:00,tu_95_takeoff,national,,true
2023-02-10T13:38:03+00:00,mass_attack_active,oblast,khmelnytskyi,true
2023-02-11T12:48:20+00:00,mass_attack_active,oblast,vinnytsia,true
2023-02-16T05:49:01+00:00,mass_attack_active,national,,true
2023-02-16T05:49:01+00:00,tu_95_takeoff,national,,false
2023-02-23T14:42:38+00:00,mass_attack_active,national,,false
2023-03-09T07:16:14+00:00,mass_attack_active,national,,true
2023-03-09T07:16:14+00:00,mig_31_airborne,national,,true
2023-03-09T07:16:14+00:00,tu_95_takeoff,national,,true
2023-03-13T12:25:30+00:00,mig_31_airborne,national,,false
2023-03-14T16:20:56+00:00,mig_31_airborne,national,,true
2023-04-28T04:15:35+00:00,tu_95_takeoff,national,,false
2023-05-01T04:26:05+00:00,tu_95_takeoff,national,,false
2023-05-06T06:58:22+00:00,mig_31_airborne,national,,false
2023-05-06T07:42:31+00:00,mig_31_airborne,national,,false
2023-05-09T04:27:55+00:00,tu_95_takeoff,national,,true
2023-05-14T05:52:48+00:00,tu_95_takeoff,national,,true
2023-05-16T06:13:41+00:00,mig_31_airborne,national,,false
2023-05-18T06:07:01+00:00,tu_95_takeoff,national,,false
2023-05-22T05:29:31+00:00,tu_95_takeoff,national,,true
2023-05-26T05:22:03+00:00,tu_95_takeoff,national,,true
2023-05-29T05:35:50+00:00,tu_95_takeoff,national,,false
2023-06-02T06:20:41+00:00,tu_95_takeoff,national,,false
2023-06-04T04:36:02+00:00,tu_95_takeoff,national,,false
2023-06-06T03:10:33+00:00,tu_95_takeoff,national,,false
2023-06-09T04:29:35+00:00,tu_95_takeoff,national,,true
2023-06-13T06:05:50+00:00,tu_95_takeoff,national,,false
2023-06-14T05:05:20+00:00,mass_attack_active,oblast,donetsk,true
2023-06-15T03:34:26+00:00,tu_95_takeoff,national,,true
2023-06-16T10:07:58+00:00,mass_attack_active,oblast,kyiv,true
2023-06-22T07:34:40+00:00,mig_31_airborne,national,,true
2023-06-22T18:42:14+00:00,tu_95_takeoff,national,,true
2023-06-22T18:49:33+00:00,tu_95_takeoff,national,,true
2023-06-23T04:02:18+00:00,tu_95_takeoff,national,,true
2023-06-23T18:37:24+00:00,mig_31_airborne,national,,true
2023-06-23T18:48:14+00:00,tu_95_takeoff,national,,true
2023-06-23T18:51:58+00:00,mig_31_airborne,national,,false
2023-06-23T18:56:27+00:00,tu_95_takeoff,national,,false
2023-06-23T19:44:15+00:00,mig_31_airborne,national,,true
2023-06-23T20:09:24+00:00,mig_31_airborne,national,,false
2023-06-24T07:11:09+00:00,mass_attack_active,national,,true
2023-06-24T07:11:09+00:00,tu_95_takeoff,national,,true
2023-07-07T18:20:55+00:00,mig_31_airborne,national,,true
2023-07-11T12:04:08+00:00,mig_31_airborne,national,,true
2023-07-11T16:13:10+00:00,mig_31_airborne,national,,true
2023-07-14T15:36:30+00:00,mig_31_airborne,national,,true
2023-07-20T15:52:53+00:00,mig_31_airborne,national,,true
2023-07-20T16:12:33+00:00,mig_31_airborne,national,,false
2023-07-20T20:11:30+00:00,mig_31_airborne,national,,true
2023-07-20T20:27:47+00:00,mig_31_airborne,national,,false
2023-07-26T10:41:40+00:00,tu_95_takeoff,national,,true
2023-07-26T13:55:57+00:00,tu_95_takeoff,national,,true
2023-07-26T13:57:09+00:00,tu_95_takeoff,national,,false
2023-07-26T18:45:58+00:00,mass_attack_active,oblast,khmelnytskyi,true
2023-07-26T18:45:58+00:00,mig_31_airborne,national,,true
2023-07-26T18:45:58+00:00,tu_95_takeoff,national,,true
2023-07-28T17:48:53+00:00,mig_31_airborne,national,,true
2023-08-01T08:37:09+00:00,mig_31_airborne,national,,true
2023-08-01T10:17:03+00:00,mig_31_airborne,national,,false
2023-08-01T12:31:00+00:00,mig_31_airborne,national,,true
2023-08-02T04:31:20+00:00,mig_31_airborne,national,,true
2023-08-02T05:17:31+00:00,mig_31_airborne,national,,true
2023-08-02T17:55:00+00:00,tu_95_takeoff,national,,true
2023-08-02T19:50:51+00:00,tu_95_takeoff,national,,false
2023-08-04T10:38:47+00:00,mig_31_airborne,national,,true
2023-08-05T06:29:12+00:00,mig_31_airborne,national,,true
2023-08-05T08:35:36+00:00,mig_31_airborne,national,,true
2023-08-05T23:04:22+00:00,tu_95_takeoff,national,,true
2023-08-06T04:32:40+00:00,mass_attack_active,national,,true
2023-08-06T04:32:40+00:00,tu_95_takeoff,national,,false
2023-08-08T14:54:05+00:00,mig_31_airborne,national,,true
2023-08-09T13:02:48+00:00,mig_31_airborne,national,,true
2023-08-09T14:43:22+00:00,mig_31_airborne,national,,true
2023-08-09T17:45:17+00:00,mig_31_airborne,national,,true
2023-08-09T20:24:30+00:00,mig_31_airborne,national,,true
2023-08-10T00:58:03+00:00,mig_31_airborne,national,,true
2023-08-11T06:49:43+00:00,mig_31_airborne,national,,true
2023-08-11T06:59:54+00:00,mig_31_airborne,national,,true
2023-08-11T11:13:26+00:00,mass_attack_active,oblast,ivano-frankivsk,true
2023-08-11T11:13:26+00:00,mig_31_airborne,national,,true
2023-08-15T00:07:11+00:00,tu_95_takeoff,national,,true
2023-08-15T04:56:52+00:00,mass_attack_active,oblast,dnipropetrovsk,true
2023-08-22T09:51:34+00:00,mig_31_airborne,national,,true
2023-08-24T12:26:29+00:00,mig_31_airborne,national,,true
2023-08-24T13:25:46+00:00,mig_31_airborne,national,,false
2023-08-26T06:37:10+00:00,mig_31_airborne,national,,true
2023-08-27T00:39:07+00:00,tu_95_takeoff,national,,true
2023-08-30T00:43:43+00:00,tu_95_takeoff,national,,true
2023-08-30T05:46:25+00:00,tu_95_takeoff,national,,false
2023-09-04T10:33:21+00:00,mig_31_airborne,national,,true
2023-09-06T01:23:29+00:00,tu_95_takeoff,national,,true
2023-09-06T01:44:29+00:00,tu_95_takeoff,national,,true
2023-09-06T04:28:11+00:00,tu_95_takeoff,national,,false
2023-09-07T17:04:04+00:00,mig_31_airborne,national,,true
2023-09-16T21:54:07+00:00,tu_95_takeoff,national,,true
2023-09-17T05:31:16+00:00,tu_95_takeoff,national,,false
2023-09-17T21:28:10+00:00,tu_95_takeoff,national,,true
2023-09-18T00:51:06+00:00,tu_95_takeoff,national,,true
2023-09-18T05:26:50+00:00,tu_95_takeoff,national,,true
2023-09-20T21:13:41+00:00,tu_95_takeoff,national,,true
2023-09-21T00:57:09+00:00,tu_95_takeoff,national,,true
2023-09-26T11:26:06+00:00,mig_31_airborne,national,,true
2023-09-26T16:35:10+00:00,mig_31_airborne,national,,true
2023-09-29T15:41:12+00:00,mig_31_airborne,national,,true
2023-10-28T06:17:49+00:00,mass_attack_active,oblast,dnipropetrovsk,true
2023-11-06T13:07:01+00:00,mig_31_airborne,national,,true
2023-11-06T14:32:19+00:00,mig_31_airborne,national,,false
2023-11-10T08:29:49+00:00,mig_31_airborne,national,,true
2023-11-15T10:06:52+00:00,mig_31_airborne,national,,true
2023-11-23T15:54:09+00:00,mig_31_airborne,national,,true
2023-11-28T11:44:02+00:00,mig_31_airborne,national,,true
2023-12-01T09:03:00+00:00,mig_31_airborne,national,,true
2023-12-01T10:23:45+00:00,mig_31_airborne,national,,false
2023-12-02T10:08:41+00:00,mig_31_airborne,national,,true
2023-12-07T10:42:01+00:00,mig_31_airborne,national,,true
2023-12-08T04:25:10+00:00,tu_95_takeoff,national,,true
2023-12-08T08:04:17+00:00,mass_attack_active,oblast,dnipropetrovsk,true
2023-12-08T08:04:17+00:00,tu_95_takeoff,national,,false
2023-12-10T08:17:53+00:00,mig_31_airborne,national,,true
2023-12-11T03:34:26+00:00,mass_attack_active,oblast,kyiv,true
2023-12-13T04:58:20+00:00,mass_attack_active,oblast,kyiv,true
2023-12-14T18:38:30+00:00,mass_attack_active,oblast,khmelnytskyi,true
2023-12-14T18:38:30+00:00,mig_31_airborne,national,,true
2023-12-20T18:25:25+00:00,mig_31_airborne,national,,true
2023-12-20T19:08:03+00:00,mig_31_airborne,national,,false
2023-12-22T11:50:43+00:00,mig_31_airborne,national,,true
2023-12-25T08:33:29+00:00,mig_31_airborne,national,,true
2023-12-26T09:17:49+00:00,mig_31_airborne,national,,false
2023-12-26T10:54:39+00:00,mig_31_airborne,national,,false
2023-12-27T09:55:43+00:00,mig_31_airborne,national,,true
2023-12-27T10:11:32+00:00,mig_31_airborne,national,,false
2023-12-28T07:23:25+00:00,mig_31_airborne,national,,true
2023-12-29T01:30:37+00:00,tu_95_takeoff,national,,true
2023-12-29T04:34:00+00:00,tu_95_takeoff,national,,true
2023-12-29T09:01:46+00:00,mass_attack_active,national,,true
2023-12-29T09:02:10+00:00,mass_attack_active,national,,true
2023-12-29T09:02:10+00:00,mig_31_airborne,national,,true
2023-12-29T09:02:10+00:00,tu_95_takeoff,national,,true
2023-12-30T08:30:54+00:00,mig_31_airborne,national,,true
2023-12-30T09:57:17+00:00,mig_31_airborne,national,,false
2023-12-31T08:44:08+00:00,mig_31_airborne,national,,true
2023-12-31T11:26:11+00:00,mig_31_airborne,national,,true
2023-12-31T12:15:07+00:00,mig_31_airborne,national,,false
2023-12-31T18:06:19+00:00,mig_31_airborne,national,,true
2023-12-31T19:33:55+00:00,mig_31_airborne,national,,false
2024-01-01T09:21:41+00:00,mig_31_airborne,national,,true
2024-01-01T11:55:10+00:00,mig_31_airborne,national,,false
2024-01-01T12:57:23+00:00,mig_31_airborne,national,,true
2024-01-01T13:33:27+00:00,mig_31_airborne,national,,false
2024-01-02T00:52:00+00:00,tu_95_takeoff,national,,true
2024-01-02T02:28:33+00:00,tu_95_takeoff,national,,false
2024-01-02T03:59:13+00:00,tu_95_takeoff,national,,true
2024-01-02T05:49:40+00:00,mig_31_airborne,national,,true
2024-01-02T06:23:25+00:00,mig_31_airborne,national,,true
2024-01-02T09:28:01+00:00,mass_attack_active,national,,true
2024-01-02T09:28:01+00:00,mig_31_airborne,national,,true
2024-01-02T09:28:01+00:00,tu_95_takeoff,national,,true
2024-01-06T07:26:31+00:00,mig_31_airborne,national,,true
2024-01-06T09:32:41+00:00,mig_31_airborne,national,,false
2024-01-07T07:55:10+00:00,mig_31_airborne,national,,true
2024-01-08T00:56:08+00:00,tu_95_takeoff,national,,true
2024-01-08T04:10:43+00:00,tu_95_takeoff,national,,true
2024-01-08T04:28:39+00:00,mig_31_airborne,national,,true
2024-01-08T04:50:25+00:00,mig_31_airborne,national,,true
2024-01-08T04:53:24+00:00,mig_31_airborne,national,,true
2024-01-08T05:10:42+00:00,mig_31_airborne,national,,true
2024-01-08T06:07:32+00:00,mig_31_airborne,national,,false
2024-01-08T09:29:29+00:00,mass_attack_active,oblast,dnipropetrovsk,true
2024-01-08T09:29:29+00:00,mig_31_airborne,national,,true
2024-01-08T09:29:29+00:00,tu_95_takeoff,national,,true
2024-01-10T05:59:24+00:00,mig_31_airborne,national,,true
2024-01-11T11:31:52+00:00,mig_31_airborne,national,,true
2024-01-11T12:47:19+00:00,mig_31_airborne,national,,false
2024-01-13T03:32:03+00:00,tu_95_takeoff,national,,true
2024-01-13T03:54:49+00:00,tu_95_takeoff,national,,true
2024-01-13T04:43:17+00:00,mig_31_airborne,national,,true
2024-01-13T05:18:08+00:00,mig_31_airborne,national,,true
2024-01-13T08:44:05+00:00,mass_attack_active,oblast,kherson,true
2024-01-13T08:44:05+00:00,mig_31_airborne,national,,true
2024-01-13T08:44:05+00:00,tu_95_takeoff,national,,true
2024-01-16T08:39:19+00:00,mig_31_airborne,national,,true
2024-01-20T10:19:20+00:00,mig_31_airborne,national,,true
2024-01-20T10:46:09+00:00,mig_31_airborne,national,,false
2024-01-22T10:08:10+00:00,mig_31_airborne,national,,true
2024-01-22T12:58:01+00:00,mig_31_airborne,national,,true
2024-01-22T13:36:12+00:00,mig_31_airborne,national,,false
2024-01-23T01:45:54+00:00,tu_95_takeoff,national,,true
2024-01-23T03:22:12+00:00,tu_95_takeoff,national,,true
2024-01-23T04:44:58+00:00,tu_95_takeoff,national,,true
2024-01-23T07:48:16+00:00,mass_attack_active,oblast,kharkiv,true
2024-01-23T07:48:16+00:00,tu_95_takeoff,national,,true
2024-01-23T12:49:07+00:00,mig_31_airborne,national,,true
2024-01-23T15:10:51+00:00,mig_31_airborne,national,,true
2024-01-23T15:43:36+00:00,mig_31_airborne,national,,false
2024-01-26T11:28:19+00:00,mig_31_airborne,national,,true
2024-01-26T12:26:19+00:00,mig_31_airborne,national,,false
2024-01-30T10:45:36+00:00,mig_31_airborne,national,,false
2024-01-31T10:08:49+00:00,mig_31_airborne,national,,true
2024-01-31T10:39:32+00:00,mig_31_airborne,national,,false
2024-01-31T13:14:28+00:00,mig_31_airborne,national,,true
2024-01-31T14:41:04+00:00,mig_31_airborne,national,,false
2024-02-03T10:19:15+00:00,mig_31_airborne,national,,false
2024-02-07T00:58:06+00:00,tu_95_takeoff,national,,true
2024-02-07T03:24:10+00:00,tu_95_takeoff,national,,true
2024-02-07T04:55:24+00:00,tu_95_takeoff,national,,true
2024-02-07T08:03:54+00:00,tu_95_takeoff,national,,true
2024-02-08T21:29:20+00:00,mass_attack_active,national,,true
2024-02-09T07:39:51+00:00,tu_95_takeoff,national,,true
2024-02-09T10:59:55+00:00,mig_31_airborne,national,,false
2024-02-14T11:19:50+00:00,mig_31_airborne,national,,true
2024-02-14T11:53:45+00:00,mig_31_airborne,national,,false
2024-02-14T23:49:24+00:00,tu_95_takeoff,national,,true
2024-02-15T02:36:19+00:00,tu_95_takeoff,national,,true
2024-02-15T07:09:56+00:00,tu_95_takeoff,national,,true
2024-02-15T08:53:31+00:00,mig_31_airborne,national,,true
2024-02-15T10:02:52+00:00,mig_31_airborne,national,,false
2024-02-19T10:06:10+00:00,mig_31_airborne,national,,true
2024-02-19T11:27:17+00:00,mig_31_airborne,national,,false
2024-02-21T10:14:57+00:00,mig_31_airborne,national,,true
2024-02-21T10:24:02+00:00,mig_31_airborne,national,,true
2024-02-21T11:21:25+00:00,mig_31_airborne,national,,false
2024-02-26T10:41:08+00:00,mig_31_airborne,national,,true
2024-02-26T11:25:53+00:00,mig_31_airborne,national,,false
2024-03-06T06:44:03+00:00,mig_31_airborne,national,,true
2024-03-06T06:58:11+00:00,mig_31_airborne,national,,true
2024-03-06T07:07:02+00:00,mig_31_airborne,national,,false
2024-03-07T15:56:01+00:00,mig_31_airborne,national,,true
2024-03-11T16:56:34+00:00,mig_31_airborne,national,,true
2024-03-11T17:12:37+00:00,mig_31_airborne,national,,false
2024-03-14T10:41:09+00:00,mig_31_airborne,national,,true
2024-03-15T11:42:45+00:00,mig_31_airborne,national,,true
2024-03-15T12:15:59+00:00,mig_31_airborne,national,,false
2024-03-18T14:01:00+00:00,mig_31_airborne,national,,true
2024-03-18T14:13:32+00:00,mig_31_airborne,national,,false
2024-03-19T14:09:47+00:00,mig_31_airborne,national,,true
2024-03-20T22:53:37+00:00,tu_95_takeoff,national,,true
2024-03-21T00:58:44+00:00,tu_95_takeoff,national,,true
2024-03-21T01:08:05+00:00,tu_95_takeoff,national,,true
2024-03-21T05:39:28+00:00,tu_95_takeoff,national,,true
2024-03-22T01:34:32+00:00,tu_95_takeoff,national,,true
2024-03-22T02:46:30+00:00,mig_31_airborne,national,,true
2024-03-22T03:19:58+00:00,mig_31_airborne,national,,true
2024-03-22T03:46:15+00:00,mig_31_airborne,national,,false
2024-03-22T04:08:37+00:00,mig_31_airborne,national,,true
2024-03-22T07:08:02+00:00,mig_31_airborne,national,,true
2024-03-22T07:08:02+00:00,tu_95_takeoff,national,,true
2024-03-23T23:40:09+00:00,tu_95_takeoff,national,,true
2024-03-23T23:44:28+00:00,tu_95_takeoff,national,,false
2024-03-24T01:23:29+00:00,tu_95_takeoff,national,,true
2024-03-24T06:28:38+00:00,tu_95_takeoff,national,,true
2024-03-24T07:33:38+00:00,mig_31_airborne,national,,false
2024-03-28T10:10:09+00:00,mig_31_airborne,national,,true
2024-03-28T16:04:22+00:00,mig_31_airborne,national,,true
2024-03-28T22:32:39+00:00,tu_95_takeoff,national,,true
2024-03-29T01:52:10+00:00,tu_95_takeoff,national,,true
2024-03-29T02:51:48+00:00,mig_31_airborne,national,,true
2024-03-29T06:36:28+00:00,mig_31_airborne,national,,true
2024-03-29T06:36:28+00:00,tu_95_takeoff,national,,true
2024-03-31T01:19:48+00:00,tu_95_takeoff,national,,true
2024-03-31T01:28:24+00:00,tu_95_takeoff,national,,true
2024-03-31T05:07:49+00:00,tu_95_takeoff,national,,true
2024-04-04T16:36:30+00:00,mig_31_airborne,national,,true
2024-04-05T13:34:53+00:00,mig_31_airborne,national,,true
2024-04-05T15:04:46+00:00,mig_31_airborne,national,,false
2024-04-06T01:05:09+00:00,tu_95_takeoff,national,,true
2024-04-08T10:26:06+00:00,mig_31_airborne,national,,true
2024-04-10T22:12:22+00:00,tu_95_takeoff,national,,true
2024-04-11T00:49:20+00:00,tu_95_takeoff,national,,true
2024-04-11T00:58:47+00:00,tu_95_takeoff,national,,true
2024-04-11T01:02:39+00:00,tu_95_takeoff,national,,false
2024-04-11T02:43:10+00:00,mig_31_airborne,national,,true
2024-04-11T02:56:16+00:00,mig_31_airborne,national,,false
2024-04-11T06:19:11+00:00,mig_31_airborne,national,,true
2024-04-11T06:19:11+00:00,tu_95_takeoff,national,,true
2024-04-12T16:36:55+00:00,mig_31_airborne,national,,true
2024-04-19T06:03:07+00:00,tu_95_takeoff,national,,true
2024-04-20T10:20:08+00:00,mig_31_airborne,national,,true
2024-04-25T07:30:47+00:00,mig_31_airborne,national,,true
2024-04-25T10:53:13+00:00,mig_31_airborne,national,,true
2024-04-25T13:44:33+00:00,mig_31_airborne,national,,true
2024-04-26T21:55:18+00:00,tu_95_takeoff,national,,true
2024-04-27T02:11:11+00:00,mig_31_airborne,national,,true
2024-04-27T05:34:24+00:00,mig_31_airborne,national,,true
2024-04-27T05:34:24+00:00,tu_95_takeoff,national,,true
2024-05-03T12:09:57+00:00,mig_31_airborne,national,,false
2024-05-03T15:35:58+00:00,mig_31_airborne,national,,true
2024-05-03T17:36:25+00:00,mig_31_airborne,national,,true
2024-05-03T18:43:43+00:00,mig_31_airborne,national,,true
2024-05-08T03:31:35+00:00,mig_31_airborne,national,,true
2024-05-08T05:35:20+00:00,tu_95_takeoff,national,,true
2024-05-12T06:47:41+00:00,mig_31_airborne,national,,true
2024-05-12T07:15:00+00:00,mig_31_airborne,national,,false
2024-05-13T09:54:41+00:00,mig_31_airborne,national,,true
2024-05-13T11:49:01+00:00,mig_31_airborne,national,,true
2024-05-13T13:44:07+00:00,mig_31_airborne,national,,true
2024-05-20T07:01:23+00:00,mig_31_airborne,national,,true
2024-05-20T07:31:51+00:00,mig_31_airborne,national,,false
2024-05-20T15:14:54+00:00,mig_31_airborne,national,,true
2024-05-20T15:18:19+00:00,mig_31_airborne,national,,true
2024-05-20T15:22:22+00:00,mig_31_airborne,national,,true
2024-05-20T15:49:35+00:00,mig_31_airborne,national,,false
2024-05-20T17:37:52+00:00,mig_31_airborne,national,,true
2024-05-20T18:09:41+00:00,mig_31_airborne,national,,false
2024-05-22T06:33:38+00:00,mig_31_airborne,national,,true
2024-05-22T06:38:07+00:00,mig_31_airborne,national,,false
2024-05-22T06:52:36+00:00,mig_31_airborne,national,,false
2024-05-22T17:12:11+00:00,mig_31_airborne,national,,false
2024-05-22T21:28:27+00:00,mig_31_airborne,national,,true
2024-05-22T21:47:38+00:00,mig_31_airborne,national,,false
2024-05-24T10:26:26+00:00,mig_31_airborne,national,,true
2024-05-24T17:19:29+00:00,mig_31_airborne,national,,true
2024-05-24T19:30:11+00:00,mig_31_airborne,national,,true
2024-05-25T20:54:14+00:00,tu_95_takeoff,national,,true
2024-05-26T01:22:11+00:00,mig_31_airborne,national,,true
2024-05-26T04:53:49+00:00,mig_31_airborne,national,,true
2024-05-26T04:53:49+00:00,tu_95_takeoff,national,,true
2024-05-26T06:16:54+00:00,mig_31_airborne,national,,true
2024-05-28T17:17:28+00:00,mig_31_airborne,national,,true
2024-05-28T17:33:31+00:00,mig_31_airborne,national,,false
2024-05-29T14:34:48+00:00,mig_31_airborne,national,,true
2024-05-29T21:39:24+00:00,tu_95_takeoff,national,,true
2024-05-29T23:55:08+00:00,tu_95_takeoff,national,,true
2024-05-30T00:32:13+00:00,tu_95_takeoff,national,,true
2024-05-30T04:47:15+00:00,tu_95_takeoff,national,,true
2024-05-31T22:41:03+00:00,tu_95_takeoff,national,,true
2024-05-31T23:36:47+00:00,tu_95_takeoff,national,,true
2024-05-31T23:51:01+00:00,tu_95_takeoff,national,,true
2024-06-01T05:02:55+00:00,mass_attack_active,oblast,zaporizhzhia,true
2024-06-01T05:02:55+00:00,tu_95_takeoff,national,,true
2024-06-01T05:40:04+00:00,mig_31_airborne,national,,true
2024-06-01T06:00:34+00:00,mig_31_airborne,national,,false
2024-06-04T18:46:52+00:00,mig_31_airborne,national,,true
2024-06-05T04:14:28+00:00,mig_31_airborne,national,,true
2024-06-05T10:23:23+00:00,mig_31_airborne,national,,true
2024-06-05T12:36:33+00:00,mig_31_airborne,national,,true
2024-06-06T20:31:18+00:00,tu_95_takeoff,national,,true
2024-06-07T04:31:47+00:00,tu_95_takeoff,national,,false
2024-06-10T06:50:14+00:00,mass_attack_active,national,,true
2024-06-12T00:13:57+00:00,tu_95_takeoff,national,,true
2024-06-12T03:18:47+00:00,mig_31_airborne,national,,true
2024-06-12T05:01:45+00:00,tu_95_takeoff,national,,true
2024-06-13T20:32:07+00:00,tu_95_takeoff,national,,true
2024-06-13T22:17:31+00:00,tu_95_takeoff,national,,true
2024-06-14T04:48:58+00:00,tu_95_takeoff,national,,true
2024-06-14T11:50:37+00:00,mig_31_airborne,national,,true
2024-06-14T23:13:27+00:00,mig_31_airborne,national,,true
2024-06-15T06:21:52+00:00,mig_31_airborne,national,,true
2024-06-19T14:14:33+00:00,mig_31_airborne,national,,true
2024-06-19T19:30:02+00:00,tu_95_takeoff,national,,true
2024-06-19T22:47:12+00:00,tu_95_takeoff,national,,true
2024-06-20T04:21:30+00:00,tu_95_takeoff,national,,true
2024-06-20T07:45:29+00:00,tu_95_takeoff,national,,false
2024-06-20T10:48:43+00:00,mig_31_airborne,national,,true
2024-06-21T10:58:51+00:00,mig_31_airborne,national,,true
2024-06-21T11:25:59+00:00,mig_31_airborne,national,,false
2024-06-21T17:20:39+00:00,mig_31_airborne,national,,true
2024-06-21T20:40:27+00:00,mig_31_airborne,national,,true
2024-06-21T20:47:54+00:00,tu_95_takeoff,national,,true
2024-06-22T05:02:34+00:00,tu_95_takeoff,national,,true
2024-06-24T17:14:33+00:00,mig_31_airborne,national,,true
2024-06-24T18:44:32+00:00,mig_31_airborne,national,,true
2024-06-24T19:18:36+00:00,mig_31_airborne,national,,true
2024-06-25T14:22:18+00:00,mig_31_airborne,national,,true
2024-06-26T23:47:06+00:00,mig_31_airborne,national,,true
2024-06-29T06:57:31+00:00,mig_31_airborne,national,,true
2024-07-01T13:29:36+00:00,mig_31_airborne,national,,true
2024-07-01T13:58:33+00:00,mig_31_airborne,national,,true
2024-07-01T20:11:07+00:00,mig_31_airborne,national,,true
2024-07-02T13:30:11+00:00,mig_31_airborne,national,,true
2024-07-02T14:09:33+00:00,mig_31_airborne,national,,false
2024-07-04T07:51:26+00:00,mass_attack_active,oblast,kherson,true
2024-07-04T20:41:52+00:00,mig_31_airborne,national,,true
2024-07-04T21:11:06+00:00,mig_31_airborne,national,,false
2024-07-06T04:24:18+00:00,mig_31_airborne,national,,true
2024-07-07T19:50:18+00:00,tu_95_takeoff,national,,true
2024-07-07T21:27:23+00:00,tu_95_takeoff,national,,false
2024-07-07T22:33:49+00:00,tu_95_takeoff,national,,true
2024-07-07T22:41:46+00:00,tu_95_takeoff,national,,true
2024-07-08T04:19:30+00:00,tu_95_takeoff,national,,true
2024-07-08T04:20:09+00:00,mig_31_airborne,national,,true
2024-07-08T04:43:56+00:00,mig_31_airborne,national,,false
2024-07-08T04:52:35+00:00,tu_95_takeoff,national,,true
2024-07-08T11:54:05+00:00,mass_attack_active,national,,true
2024-07-10T17:56:52+00:00,mig_31_airborne,national,,true
2024-07-11T12:31:01+00:00,mig_31_airborne,national,,true
2024-07-11T14:28:56+00:00,mig_31_airborne,national,,true
2024-07-11T19:50:48+00:00,mig_31_airborne,national,,true
2024-07-11T20:18:40+00:00,mig_31_airborne,national,,false
2024-07-12T18:24:19+00:00,mig_31_airborne,national,,true
2024-07-13T08:17:59+00:00,mig_31_airborne,national,,true
2024-07-15T05:17:57+00:00,mig_31_airborne,national,,true
2024-07-17T18:28:54+00:00,mig_31_airborne,national,,true
2024-07-17T20:08:22+00:00,mig_31_airborne,national,,true
2024-07-22T20:57:13+00:00,mig_31_airborne,national,,true
2024-07-22T21:20:15+00:00,mig_31_airborne,national,,false
2024-07-24T09:31:31+00:00,mig_31_airborne,national,,true
2024-07-25T17:59:55+00:00,tu_95_takeoff,national,,true
2024-07-25T19:08:05+00:00,tu_95_takeoff,national,,false
2024-07-25T20:21:00+00:00,tu_95_takeoff,national,,false
2024-07-25T21:12:46+00:00,mig_31_airborne,national,,true
2024-07-25T21:29:43+00:00,mig_31_airborne,national,,false
2024-07-27T11:42:38+00:00,mass_attack_active,oblast,donetsk,false
2024-07-30T17:08:01+00:00,mig_31_airborne,national,,true
2024-07-30T23:36:49+00:00,mig_31_airborne,national,,true
2024-07-31T06:38:16+00:00,mass_attack_active,oblast,kherson,true
2024-07-31T09:23:17+00:00,mig_31_airborne,national,,true
2024-08-02T07:47:24+00:00,mig_31_airborne,national,,true
2024-08-02T15:21:45+00:00,mass_attack_active,national,,true
2024-08-05T15:13:51+00:00,mig_31_airborne,national,,true
2024-08-08T03:22:15+00:00,mig_31_airborne,national,,true
2024-08-08T04:03:51+00:00,mig_31_airborne,national,,false
2024-08-13T04:21:52+00:00,mig_31_airborne,national,,true
2024-08-19T08:58:00+00:00,tu_95_takeoff,national,,true
2024-08-19T09:04:32+00:00,tu_95_takeoff,national,,false
2024-08-19T12:48:06+00:00,tu_95_takeoff,national,,false
2024-08-24T07:52:54+00:00,mig_31_airborne,national,,true
2024-08-26T01:43:53+00:00,tu_95_takeoff,national,,true
2024-08-26T06:03:12+00:00,mig_31_airborne,national,,true
2024-08-26T15:47:59+00:00,mass_attack_active,national,,true
2024-08-26T15:47:59+00:00,tu_95_takeoff,national,,true
2024-08-27T00:18:31+00:00,mig_31_airborne,national,,true
2024-08-27T00:59:29+00:00,tu_95_takeoff,national,,true
2024-08-27T06:42:36+00:00,mig_31_airborne,national,,false
2024-08-27T06:42:36+00:00,tu_95_takeoff,national,,false
2024-08-29T16:01:30+00:00,mass_attack_active,national,,true
2024-09-02T06:24:41+00:00,mass_attack_active,oblast,dnipropetrovsk,true
2024-09-02T06:24:41+00:00,tu_95_takeoff,national,,false
2024-09-03T22:52:30+00:00,tu_95_takeoff,national,,true
2024-09-04T02:38:07+00:00,mig_31_airborne,national,,true
2024-09-04T06:38:57+00:00,mig_31_airborne,national,,true
2024-09-04T06:38:57+00:00,tu_95_takeoff,national,,true
2024-09-05T09:16:20+00:00,mig_31_airborne,national,,true
2024-09-06T09:52:59+00:00,mass_attack_active,oblast,dnipropetrovsk,true
2024-09-20T18:18:43+00:00,mig_31_airborne,national,,true
2024-09-26T07:00:22+00:00,mig_31_airborne,national,,true
2024-09-26T07:48:58+00:00,mig_31_airborne,national,,false
2024-09-26T08:36:52+00:00,mig_31_airborne,national,,false
2024-09-26T10:02:32+00:00,mig_31_airborne,national,,true
2024-09-27T13:57:43+00:00,mig_31_airborne,national,,true
2024-09-27T14:36:15+00:00,mig_31_airborne,national,,false
2024-10-07T05:28:14+00:00,mig_31_airborne,national,,false
2024-10-07T06:02:55+00:00,mig_31_airborne,national,,false
2024-10-07T08:14:19+00:00,mig_31_airborne,national,,true
2024-10-11T20:20:21+00:00,mig_31_airborne,national,,true
2024-10-15T07:58:52+00:00,mig_31_airborne,national,,true
2024-10-17T05:55:20+00:00,mass_attack_active,national,,true
2024-10-21T09:18:24+00:00,mig_31_airborne,national,,true
2024-10-21T09:50:58+00:00,mig_31_airborne,national,,false
2024-10-25T08:30:59+00:00,mig_31_airborne,national,,true
2024-10-25T22:46:11+00:00,tu_95_takeoff,national,,false
2024-11-06T12:10:39+00:00,mig_31_airborne,national,,false
2024-11-08T13:51:52+00:00,mass_attack_active,national,,true
2024-11-11T03:51:36+00:00,tu_95_takeoff,national,,true
2024-11-11T04:25:06+00:00,tu_95_takeoff,national,,true
2024-11-11T04:52:26+00:00,mig_31_airborne,national,,true
2024-11-13T01:21:44+00:00,tu_95_takeoff,national,,true
2024-11-13T08:03:03+00:00,tu_95_takeoff,national,,true
2024-11-14T14:12:48+00:00,mass_attack_active,national,,true
2024-11-15T03:57:14+00:00,tu_95_takeoff,national,,false
2024-11-15T04:44:22+00:00,tu_95_takeoff,national,,false
2024-11-17T01:17:03+00:00,tu_95_takeoff,national,,true
2024-11-17T10:21:54+00:00,mass_attack_active,oblast,cherkasy,true
2024-11-17T10:21:54+00:00,mig_31_airborne,national,,false
2024-11-17T10:21:54+00:00,tu_95_takeoff,national,,false
2024-11-18T12:32:26+00:00,mass_attack_active,national,,true
2024-11-18T15:38:38+00:00,mig_31_airborne,national,,true
2024-11-18T15:59:43+00:00,mig_31_airborne,national,,false
2024-11-21T03:22:03+00:00,mig_31_airborne,national,,true
2024-11-21T03:43:49+00:00,tu_95_takeoff,national,,false
2024-11-21T03:47:21+00:00,tu_95_takeoff,national,,true
2024-11-21T07:23:23+00:00,mig_31_airborne,national,,true
2024-11-21T07:23:23+00:00,tu_95_takeoff,national,,true
2024-11-26T07:11:21+00:00,mass_attack_active,oblast,cherkasy,true
2024-11-27T11:03:08+00:00,mig_31_airborne,national,,true
2024-11-28T02:36:18+00:00,tu_95_takeoff,national,,true
2024-11-28T08:52:47+00:00,tu_95_takeoff,national,,true
2024-11-28T11:57:31+00:00,mass_attack_active,national,,true
2024-11-30T10:31:13+00:00,mass_attack_active,national,,true
2024-12-03T08:29:16+00:00,mig_31_airborne,national,,true
2024-12-03T09:05:29+00:00,mig_31_airborne,national,,false
2024-12-13T01:23:33+00:00,tu_95_takeoff,national,,true
2024-12-13T05:24:31+00:00,mig_31_airborne,national,,true
2024-12-13T09:55:13+00:00,mig_31_airborne,national,,true
2024-12-13T09:55:13+00:00,tu_95_takeoff,national,,true
2024-12-13T13:04:01+00:00,mass_attack_active,oblast,volyn,true
2024-12-13T15:20:51+00:00,mass_attack_active,oblast,kherson,true
2024-12-14T07:27:39+00:00,mig_31_airborne,national,,true
2024-12-19T06:26:49+00:00,mass_attack_active,oblast,cherkasy,true
2024-12-20T04:39:18+00:00,mig_31_airborne,national,,true
2024-12-20T05:41:32+00:00,mig_31_airborne,national,,false
2024-12-24T23:36:26+00:00,tu_95_takeoff,national,,true
2024-12-25T10:43:45+00:00,tu_95_takeoff,national,,true
2024-12-31T06:27:14+00:00,mig_31_airborne,national,,true
2024-12-31T10:35:21+00:00,mig_31_airborne,national,,false
2025-01-03T11:38:13+00:00,mig_31_airborne,national,,true
2025-01-07T10:23:04+00:00,mass_attack_active,national,,true
2025-01-08T08:35:28+00:00,mig_31_airborne,national,,true
2025-01-15T00:57:57+00:00,tu_95_takeoff,national,,true
2025-01-15T09:11:19+00:00,tu_95_takeoff,national,,true
2025-01-28T09:19:45+00:00,mig_31_airborne,national,,true
2025-01-28T09:33:11+00:00,mig_31_airborne,national,,false
2025-02-01T13:08:02+00:00,tu_95_takeoff,national,,true
2025-02-20T08:09:22+00:00,mass_attack_active,oblast,cherkasy,true
2025-02-24T07:21:08+00:00,mass_attack_active,national,,true
2025-02-24T09:08:47+00:00,mig_31_airborne,national,,true
2025-02-25T03:25:01+00:00,tu_95_takeoff,national,,true
2025-02-25T09:51:21+00:00,tu_95_takeoff,national,,false
2025-03-03T09:47:37+00:00,mig_31_airborne,national,,true
2025-03-06T15:21:28+00:00,mig_31_airborne,national,,true
2025-03-06T22:53:53+00:00,tu_95_takeoff,national,,true
2025-03-13T10:34:29+00:00,mig_31_airborne,national,,true
2025-03-13T10:52:26+00:00,mig_31_airborne,national,,false
2025-03-14T15:53:38+00:00,mig_31_airborne,national,,true
2025-03-21T21:28:31+00:00,mass_attack_active,oblast,kyiv,true
2025-04-03T10:59:38+00:00,mig_31_airborne,national,,true
2025-04-06T07:25:36+00:00,tu_95_takeoff,national,,true
2025-04-09T14:27:21+00:00,mig_31_airborne,national,,true
2025-04-09T14:33:18+00:00,mig_31_airborne,national,,true
2025-04-17T10:40:44+00:00,mig_31_airborne,national,,true
2025-04-17T11:04:10+00:00,mig_31_airborne,national,,false
2025-04-18T11:13:31+00:00,mig_31_airborne,national,,true
2025-04-24T07:01:27+00:00,tu_95_takeoff,national,,true
2025-04-27T09:34:01+00:00,mass_attack_active,national,,true
2025-04-30T00:24:32+00:00,mig_31_airborne,national,,true
2025-05-08T05:54:49+00:00,mass_attack_active,oblast,cherkasy,true
2025-05-13T16:35:42+00:00,mig_31_airborne,national,,true
2025-05-23T12:36:03+00:00,mig_31_airborne,national,,true
2025-05-25T06:12:07+00:00,tu_95_takeoff,national,,true
2025-05-26T08:03:00+00:00,tu_95_takeoff,national,,true
2025-06-03T06:50:33+00:00,mig_31_airborne,national,,true
2025-06-03T11:25:06+00:00,mig_31_airborne,national,,true
2025-06-05T23:40:00+00:00,tu_95_takeoff,national,,true
2025-06-06T07:37:59+00:00,tu_95_takeoff,national,,false
2025-06-09T05:55:44+00:00,mig_31_airborne,national,,true
2025-06-14T23:10:59+00:00,mig_31_airborne,national,,true
2025-06-16T21:30:14+00:00,tu_95_takeoff,national,,true
2025-06-16T22:28:04+00:00,mig_31_airborne,national,,true
2025-06-18T08:43:07+00:00,mig_31_airborne,national,,true
2025-06-18T09:02:17+00:00,mig_31_airborne,national,,false
2025-06-26T22:02:30+00:00,mig_31_airborne,national,,true
2025-06-28T19:59:41+00:00,tu_95_takeoff,national,,true
2025-06-28T23:09:47+00:00,mig_31_airborne,national,,true
2025-06-29T00:40:27+00:00,mig_31_airborne,national,,true
2025-06-29T05:27:33+00:00,mass_attack_active,national,,true
2025-07-03T21:24:12+00:00,mig_31_airborne,national,,true
2025-07-03T22:02:55+00:00,mig_31_airborne,national,,false
2025-07-03T23:03:55+00:00,mass_attack_active,national,,true
2025-07-05T14:36:56+00:00,mig_31_airborne,national,,true
2025-07-05T15:16:26+00:00,mig_31_airborne,national,,false
2025-07-05T18:47:20+00:00,mig_31_airborne,national,,true
2025-07-05T19:06:00+00:00,mig_31_airborne,national,,false
2025-07-08T19:51:04+00:00,mig_31_airborne,national,,true
2025-07-08T20:31:46+00:00,mig_31_airborne,national,,false
2025-07-08T23:50:26+00:00,mig_31_airborne,national,,true
2025-07-14T11:17:42+00:00,mig_31_airborne,national,,true
2025-07-15T10:59:16+00:00,mig_31_airborne,national,,true
2025-07-15T11:10:43+00:00,mig_31_airborne,national,,false
2025-07-15T13:00:48+00:00,mig_31_airborne,national,,true
2025-07-15T13:19:35+00:00,mig_31_airborne,national,,false
2025-07-19T01:10:17+00:00,mass_attack_active,oblast,dnipropetrovsk,true
2025-07-20T20:44:14+00:00,tu_95_takeoff,national,,true
2025-07-20T21:23:40+00:00,mig_31_airborne,national,,true
2025-07-20T21:53:33+00:00,mass_attack_active,national,,false
2025-07-20T21:53:33+00:00,mig_31_airborne,national,,false
2025-07-20T23:50:51+00:00,mig_31_airborne,national,,true
2025-07-21T00:34:49+00:00,mig_31_airborne,national,,true
2025-07-21T00:45:43+00:00,mass_attack_active,oblast,kyiv,true
2025-07-21T02:51:05+00:00,mig_31_airborne,national,,true
2025-07-24T12:46:24+00:00,mig_31_airborne,national,,true
2025-07-25T10:50:47+00:00,mig_31_airborne,national,,true
2025-07-25T11:05:02+00:00,mig_31_airborne,national,,false
2025-07-25T23:39:50+00:00,mass_attack_active,national,,true
2025-07-28T04:54:16+00:00,mig_31_airborne,national,,true
2025-07-28T05:23:54+00:00,mig_31_airborne,national,,false
2025-07-28T05:48:19+00:00,mig_31_airborne,national,,true
2025-07-28T06:14:53+00:00,mig_31_airborne,national,,false
2025-07-30T12:57:19+00:00,mig_31_airborne,national,,true
2025-07-30T13:25:11+00:00,mig_31_airborne,national,,false
2025-07-31T10:56:04+00:00,mig_31_airborne,national,,true
2025-07-31T18:10:28+00:00,mig_31_airborne,national,,true
2025-08-02T15:19:30+00:00,mig_31_airborne,national,,true
2025-08-02T15:41:44+00:00,mig_31_airborne,national,,false
2025-08-04T05:55:35+00:00,mig_31_airborne,national,,true
2025-08-04T06:39:53+00:00,mig_31_airborne,national,,false
2025-08-04T07:02:49+00:00,mig_31_airborne,national,,true
2025-08-04T07:28:26+00:00,mig_31_airborne,national,,false
2025-08-04T08:46:10+00:00,mig_31_airborne,national,,true
2025-08-04T09:14:00+00:00,mig_31_airborne,national,,false
2025-08-11T10:53:00+00:00,mig_31_airborne,national,,true
2025-08-11T11:08:07+00:00,mig_31_airborne,national,,false
2025-08-15T16:33:04+00:00,mig_31_airborne,national,,true
2025-08-15T16:47:05+00:00,mig_31_airborne,national,,false
2025-08-18T16:21:41+00:00,mig_31_airborne,national,,true
2025-08-18T16:39:02+00:00,mig_31_airborne,national,,false
2025-08-18T21:25:51+00:00,tu_95_takeoff,national,,true
2025-08-20T09:20:51+00:00,mig_31_airborne,national,,true
2025-08-20T09:45:03+00:00,mig_31_airborne,national,,false
2025-08-20T23:49:58+00:00,mig_31_airborne,national,,true
2025-08-28T00:38:22+00:00,mig_31_airborne,national,,true
2025-08-28T06:30:57+00:00,mass_attack_active,national,,true
2025-08-30T06:02:22+00:00,mass_attack_active,oblast,zaporizhzhia,true
2025-09-01T07:19:21+00:00,mig_31_airborne,national,,true
2025-09-01T07:37:24+00:00,mig_31_airborne,national,,false
2025-09-06T11:33:16+00:00,mig_31_airborne,national,,true
2025-09-06T11:50:50+00:00,mig_31_airborne,national,,false
2025-09-11T07:57:43+00:00,mig_31_airborne,national,,true
2025-09-11T08:12:37+00:00,mig_31_airborne,national,,false
2025-09-20T17:20:25+00:00,mass_attack_active,national,,true
2025-09-23T19:30:54+00:00,mass_attack_active,oblast,kharkiv,true
2025-09-28T00:52:38+00:00,tu_95_takeoff,national,,true
2025-10-03T17:45:51+00:00,mig_31_airborne,national,,true
2025-10-03T18:10:24+00:00,mig_31_airborne,national,,false
2025-10-04T22:09:42+00:00,tu_95_takeoff,national,,true
2025-10-05T01:25:00+00:00,tu_95_takeoff,national,,true
2025-10-05T03:02:43+00:00,mig_31_airborne,national,,true
2025-10-09T23:50:08+00:00,mass_attack_active,national,,true
2025-10-10T01:52:56+00:00,mig_31_airborne,national,,true
2025-10-14T08:25:28+00:00,mig_31_airborne,national,,true
2025-10-14T08:49:14+00:00,mig_31_airborne,national,,false
2025-10-14T22:03:23+00:00,mass_attack_active,national,,true
2025-10-16T02:19:28+00:00,mig_31_airborne,national,,true
2025-10-16T02:58:42+00:00,mig_31_airborne,national,,false
2025-10-16T03:19:44+00:00,mig_31_airborne,national,,true
2025-10-16T03:43:46+00:00,mig_31_airborne,national,,false
2025-10-20T09:17:13+00:00,mig_31_airborne,national,,true
2025-10-20T09:36:06+00:00,mig_31_airborne,national,,false
2025-10-22T04:04:08+00:00,mig_31_airborne,national,,true
2025-10-22T04:43:47+00:00,mig_31_airborne,national,,false
2025-10-22T05:36:52+00:00,mig_31_airborne,national,,true
2025-10-22T06:19:19+00:00,mig_31_airborne,national,,false
2025-10-27T16:37:09+00:00,mig_31_airborne,national,,true
2025-10-27T16:52:06+00:00,mig_31_airborne,national,,false
2025-11-02T21:35:06+00:00,mig_31_airborne,national,,true
2025-11-02T22:06:18+00:00,mig_31_airborne,national,,false
2025-11-06T09:04:26+00:00,mig_31_airborne,national,,true
2025-11-06T14:40:53+00:00,mig_31_airborne,national,,true
2025-11-07T21:25:36+00:00,mig_31_airborne,national,,true
2025-11-07T22:55:18+00:00,mig_31_airborne,national,,true
2025-11-09T22:30:15+00:00,mig_31_airborne,national,,true
2025-11-09T23:10:39+00:00,mig_31_airborne,national,,false
2025-11-13T22:26:24+00:00,mig_31_airborne,national,,true
2025-11-13T23:38:07+00:00,mass_attack_active,oblast,kyiv,true
2025-11-14T19:20:48+00:00,mig_31_airborne,national,,true
2025-11-14T19:50:05+00:00,mig_31_airborne,national,,false
2025-11-15T07:43:25+00:00,mig_31_airborne,national,,true
2025-11-15T07:53:21+00:00,mig_31_airborne,national,,false
2025-11-19T01:30:01+00:00,tu_95_takeoff,national,,false
2025-11-19T04:42:04+00:00,mig_31_airborne,national,,true
2025-11-19T07:30:34+00:00,mass_attack_active,national,,true
2025-11-19T08:28:18+00:00,mig_31_airborne,national,,true
2025-11-19T14:56:39+00:00,tu_95_takeoff,national,,true
2025-11-24T10:10:09+00:00,mig_31_airborne,national,,true
2025-11-24T23:03:26+00:00,mig_31_airborne,national,,true
2025-11-25T04:54:09+00:00,mig_31_airborne,national,,true
2025-11-28T16:47:27+00:00,mig_31_airborne,national,,true
2025-12-05T23:22:25+00:00,mig_31_airborne,national,,true
2025-12-06T00:04:32+00:00,mig_31_airborne,national,,false
2025-12-06T00:23:00+00:00,mig_31_airborne,national,,true
2025-12-06T01:00:26+00:00,mig_31_airborne,national,,false
2025-12-06T03:13:09+00:00,tu_95_takeoff,national,,true
2025-12-06T23:22:37+00:00,mig_31_airborne,national,,true
2025-12-07T00:06:10+00:00,mig_31_airborne,national,,false
2025-12-12T08:33:11+00:00,tu_95_takeoff,national,,true
2025-12-13T00:24:06+00:00,mig_31_airborne,national,,true
2025-12-13T00:58:23+00:00,mig_31_airborne,national,,true
2025-12-23T14:14:38+00:00,mass_attack_active,national,,true
2025-12-26T23:48:41+00:00,mig_31_airborne,national,,true
2025-12-27T13:00:08+00:00,mass_attack_active,national,,true
2026-01-01T00:21:38+00:00,mass_attack_active,oblast,volyn,true
2026-01-04T17:22:13+00:00,mig_31_airborne,national,,true
2026-01-04T23:35:22+00:00,mig_31_airborne,national,,true
2026-01-05T00:16:58+00:00,mig_31_airborne,national,,true
2026-01-08T23:24:12+00:00,mass_attack_active,oblast,kyiv,true
2026-01-09T00:13:09+00:00,mig_31_airborne,national,,true
2026-01-16T16:06:09+00:00,mig_31_airborne,national,,true
2026-01-16T16:46:44+00:00,mig_31_airborne,national,,true
2026-01-20T00:37:18+00:00,mig_31_airborne,national,,false
2026-01-20T01:50:36+00:00,tu_95_takeoff,national,,true
2026-01-23T14:48:58+00:00,mig_31_airborne,national,,true
2026-01-23T23:21:57+00:00,mass_attack_active,oblast,kyiv,true
2026-01-23T23:56:42+00:00,mass_attack_active,oblast,kharkiv,true
2026-02-03T03:27:04+00:00,tu_95_takeoff,national,,true
2026-02-03T16:58:36+00:00,mig_31_airborne,national,,true
2026-02-03T17:18:30+00:00,mig_31_airborne,national,,false
2026-02-06T06:55:38+00:00,mig_31_airborne,national,,true
2026-02-07T09:23:51+00:00,mig_31_airborne,national,,true
2026-02-07T12:11:36+00:00,mass_attack_active,national,,true
2026-02-09T09:20:05+00:00,mass_attack_active,national,,true
2026-02-11T12:39:06+00:00,mig_31_airborne,national,,true
2026-02-11T13:30:10+00:00,mig_31_airborne,national,,false
2026-02-11T14:05:57+00:00,mig_31_airborne,national,,true
2026-02-22T02:47:53+00:00,mig_31_airborne,national,,true
2026-02-24T16:40:29+00:00,mass_attack_active,national,,true
2026-02-27T09:25:27+00:00,mig_31_airborne,national,,true
2026-02-27T09:55:51+00:00,mig_31_airborne,national,,false
2026-03-02T07:50:00+00:00,mass_attack_active,oblast,kyiv,true
2026-03-14T01:47:48+00:00,tu_95_takeoff,national,,true
2026-03-14T13:10:06+00:00,mass_attack_active,oblast,kharkiv,true
2026-03-24T16:53:59+00:00,mass_attack_active,oblast,chernihiv,true
2026-03-28T19:01:44+00:00,mig_31_airborne,national,,true
2026-03-29T22:46:51+00:00,mig_31_airborne,national,,true
2026-03-29T23:29:39+00:00,mig_31_airborne,national,,false
2026-03-30T01:53:45+00:00,mig_31_airborne,national,,true
2026-03-30T02:33:48+00:00,mig_31_airborne,national,,false
2026-03-30T09:55:32+00:00,mig_31_airborne,national,,true
2026-03-30T11:04:52+00:00,mig_31_airborne,national,,true
2026-03-30T14:27:01+00:00,mig_31_airborne,national,,true
2026-03-30T18:58:50+00:00,mig_31_airborne,national,,true
2026-04-03T07:23:49+00:00,mig_31_airborne,national,,true
2026-04-03T12:25:53+00:00,mig_31_airborne,national,,true
2026-04-09T14:48:10+00:00,mass_attack_active,national,,true
2026-04-11T06:34:44+00:00,mass_attack_active,national,,true
2026-04-16T09:10:02+00:00,mass_attack_active,national,,true
2026-04-17T16:53:01+00:00,mig_31_airborne,national,,true
2026-04-17T17:09:32+00:00,mig_31_airborne,national,,false
2026-04-20T05:56:40+00:00,mass_attack_active,national,,true
2026-04-24T23:39:28+00:00,tu_95_takeoff,national,,true
2026-04-30T12:35:16+00:00,mig_31_airborne,national,,true
2026-04-30T12:49:29+00:00,mig_31_airborne,national,,false
2026-05-05T06:21:31+00:00,mass_attack_active,national,,true
2026-05-13T16:04:46+00:00,mig_31_airborne,national,,true
2026-05-13T16:33:31+00:00,mig_31_airborne,national,,false
2026-05-13T16:42:27+00:00,mig_31_airborne,national,,true
2026-05-13T17:08:52+00:00,mig_31_airborne,national,,false
2026-05-13T17:24:14+00:00,mig_31_airborne,national,,true
2026-05-13T17:49:15+00:00,mig_31_airborne,national,,false
2026-05-13T21:55:54+00:00,mig_31_airborne,national,,true
2026-05-14T05:05:02+00:00,mass_attack_active,oblast,kyiv,true
2026-05-14T10:10:20+00:00,mass_attack_active,national,,true
2026-05-14T18:50:39+00:00,mass_attack_active,national,,true
2026-05-15T19:25:00+00:00,mig_31_airborne,national,,true
2026-05-19T08:47:02+00:00,mig_31_airborne,national,,true
2026-05-19T09:00:42+00:00,mig_31_airborne,national,,false
2026-05-23T21:32:59+00:00,mig_31_airborne,national,,true
2026-05-23T23:46:37+00:00,mass_attack_active,national,,true
2026-05-24T00:44:48+00:00,mass_attack_active,national,,true
2026-05-24T06:52:10+00:00,mass_attack_active,oblast,kyiv,true
2026-05-27T09:24:22+00:00,mig_31_airborne,national,,true
2026-05-27T10:16:07+00:00,mig_31_airborne,national,,false
2026-05-27T18:56:47+00:00,mig_31_airborne,national,,true
2026-05-28T19:58:10+00:00,mig_31_airborne,national,,true
2026-05-29T00:08:31+00:00,mig_31_airborne,national,,true
2026-05-29T12:01:06+00:00,mig_31_airborne,national,,true
2026-05-29T12:40:54+00:00,mig_31_airborne,national,,false
2026-06-02T05:33:23+00:00,mass_attack_active,oblast,kharkiv,true
2026-06-15T05:10:16+00:00,mass_attack_active,oblast,kharkiv,true
2026-06-20T15:31:38+00:00,mig_31_airborne,national,,true
2026-06-20T15:55:17+00:00,mig_31_airborne,national,,false
2026-06-20T21:54:44+00:00,mig_31_airborne,national,,true
2026-06-20T22:20:22+00:00,mig_31_airborne,national,,false
2026-06-21T00:40:43+00:00,mig_31_airborne,national,,true
2026-06-21T01:09:06+00:00,mig_31_airborne,national,,false
2026-06-21T09:20:56+00:00,mig_31_airborne,national,,true
2026-06-21T09:39:45+00:00,mig_31_airborne,national,,false
2026-06-22T12:34:57+00:00,mig_31_airborne,national,,true
2026-06-22T12:56:55+00:00,mig_31_airborne,national,,false
2026-06-23T19:04:34+00:00,mig_31_airborne,national,,true
2026-06-23T19:24:38+00:00,mig_31_airborne,national,,false
2026-06-23T20:13:29+00:00,mig_31_airborne,national,,true
2026-06-23T20:30:34+00:00,mig_31_airborne,national,,false
